FILE_TYPE = CONNECTIVITY;
{Allegro Design Entry HDL 16.5-S029 (v16-5-13BU) 8/27/2012}
"PAGE_NUMBER" = 2;
0"NC";
1"ANALOG_TO_MAROC<63..0>";
2"LEMO_GRP_I<3..0>";
3"LEMO_GRP_J<3..0>";
4"LEMO_GRP_K<3..0>";
5"LEMO_GRP_L<3..0>";
6"LEMO_GRP_M<3..0>";
7"LEMO_GRP_N<3..0>";
8"LEMO_GRP_O<3..0>";
9"LEMO_GRP_P<3..0>";
10"LEMO_GRP_H<3..0>";
11"LEMO_GRP_G<3..0>";
12"LEMO_GRP_F<3..0>";
13"LEMO_GRP_E<3..0>";
14"LEMO_GRP_D<3..0>";
15"LEMO_GRP_C<3..0>";
16"LEMO_GRP_B<3..0>";
17"LEMO_GRP_A<3..0>";
18"ANALOG_TO_MAROC<25>";
19"ANALOG_TO_MAROC<26>";
20"ANALOG_TO_MAROC<33>";
21"ANALOG_TO_MAROC<1>";
22"ANALOG_TO_MAROC<5>";
23"ANALOG_TO_MAROC<3>";
24"ANALOG_TO_MAROC<7>";
25"ANALOG_TO_MAROC<11>";
26"ANALOG_TO_MAROC<9>";
27"ANALOG_TO_MAROC<13>";
28"ANALOG_TO_MAROC<15>";
29"ANALOG_TO_MAROC<21>";
30"ANALOG_TO_MAROC<17>";
31"ANALOG_TO_MAROC<19>";
32"ANALOG_TO_MAROC<23>";
33"ANALOG_TO_MAROC<29>";
34"ANALOG_TO_MAROC<27>";
35"ANALOG_TO_MAROC<31>";
36"ANALOG_TO_MAROC<35>";
37"ANALOG_TO_MAROC<39>";
38"ANALOG_TO_MAROC<37>";
39"ANALOG_TO_MAROC<43>";
40"ANALOG_TO_MAROC<41>";
41"ANALOG_TO_MAROC<45>";
42"ANALOG_TO_MAROC<47>";
43"ANALOG_TO_MAROC<49>";
44"ANALOG_TO_MAROC<51>";
45"ANALOG_TO_MAROC<53>";
46"ANALOG_TO_MAROC<55>";
47"ANALOG_TO_MAROC<59>";
48"ANALOG_TO_MAROC<57>";
49"ANALOG_TO_MAROC<61>";
50"ANALOG_TO_MAROC<63>";
51"ANALOG_TO_MAROC<0>";
52"ANALOG_TO_MAROC<4>";
53"ANALOG_TO_MAROC<2>";
54"ANALOG_TO_MAROC<6>";
55"ANALOG_TO_MAROC<8>";
56"ANALOG_TO_MAROC<12>";
57"ANALOG_TO_MAROC<10>";
58"ANALOG_TO_MAROC<14>";
59"ANALOG_TO_MAROC<22>";
60"ANALOG_TO_MAROC<16>";
61"ANALOG_TO_MAROC<20>";
62"ANALOG_TO_MAROC<18>";
63"ANALOG_TO_MAROC<30>";
64"ANALOG_TO_MAROC<24>";
65"ANALOG_TO_MAROC<28>";
66"ANALOG_TO_MAROC<38>";
67"ANALOG_TO_MAROC<32>";
68"ANALOG_TO_MAROC<36>";
69"ANALOG_TO_MAROC<34>";
70"ANALOG_TO_MAROC<40>";
71"ANALOG_TO_MAROC<42>";
72"ANALOG_TO_MAROC<44>";
73"ANALOG_TO_MAROC<46>";
74"ANALOG_TO_MAROC<48>";
75"ANALOG_TO_MAROC<52>";
76"ANALOG_TO_MAROC<50>";
77"ANALOG_TO_MAROC<54>";
78"ANALOG_TO_MAROC<56>";
79"ANALOG_TO_MAROC<60>";
80"ANALOG_TO_MAROC<58>";
81"ANALOG_TO_MAROC<62>";
%"TAP"
"1","(2000,1200)","0","standard","I1";
;
CDS_LIB"standard"
BODY_TYPE"PLUMBING"
HDL_TAP"TRUE";
"B \NAC \NWC"1;
"S \NAC"
BN"60"79;
%"TAP"
"1","(1650,1050)","2","standard","I10";
;
CDS_LIB"standard"
HDL_TAP"TRUE"
BODY_TYPE"PLUMBING";
"B \NAC \NWC"2;
"S \NAC"
BN"0"78;
%"TAP"
"1","(-625,-1350)","0","standard","I100";
;
CDS_LIB"standard"
BODY_TYPE"PLUMBING"
HDL_TAP"TRUE";
"B \NAC \NWC"1;
"S \NAC"
BN"51"44;
%"TAP"
"1","(-625,-1500)","0","standard","I101";
;
CDS_LIB"standard"
BODY_TYPE"PLUMBING"
HDL_TAP"TRUE";
"B \NAC \NWC"1;
"S \NAC"
BN"55"46;
%"TAP"
"1","(-625,-1925)","0","standard","I102";
;
CDS_LIB"standard"
BODY_TYPE"PLUMBING"
HDL_TAP"TRUE";
"B \NAC \NWC"1;
"S \NAC"
BN"63"50;
%"TAP"
"1","(-625,-1775)","0","standard","I103";
;
CDS_LIB"standard"
BODY_TYPE"PLUMBING"
HDL_TAP"TRUE";
"B \NAC \NWC"1;
"S \NAC"
BN"59"47;
%"TAP"
"1","(-625,-1850)","0","standard","I104";
;
CDS_LIB"standard"
BODY_TYPE"PLUMBING"
HDL_TAP"TRUE";
"B \NAC \NWC"1;
"S \NAC"
BN"61"49;
%"TAP"
"1","(-975,1200)","2","standard","I105";
;
CDS_LIB"standard"
HDL_TAP"TRUE"
BODY_TYPE"PLUMBING";
"B \NAC \NWC"17;
"S \NAC"
BN"2"23;
%"TAP"
"1","(-975,1275)","2","standard","I106";
;
CDS_LIB"standard"
HDL_TAP"TRUE"
BODY_TYPE"PLUMBING";
"B \NAC \NWC"17;
"S \NAC"
BN"3"21;
%"TAP"
"1","(-975,1125)","2","standard","I107";
;
CDS_LIB"standard"
HDL_TAP"TRUE"
BODY_TYPE"PLUMBING";
"B \NAC \NWC"17;
"S \NAC"
BN"1"22;
%"TAP"
"1","(-975,1050)","2","standard","I108";
;
CDS_LIB"standard"
HDL_TAP"TRUE"
BODY_TYPE"PLUMBING";
"B \NAC \NWC"17;
"S \NAC"
BN"0"24;
%"TAP"
"1","(-975,850)","2","standard","I109";
;
CDS_LIB"standard"
HDL_TAP"TRUE"
BODY_TYPE"PLUMBING";
"B \NAC \NWC"16;
"S \NAC"
BN"3"26;
%"TAP"
"1","(2000,775)","0","standard","I11";
;
CDS_LIB"standard"
BODY_TYPE"PLUMBING"
HDL_TAP"TRUE";
"B \NAC \NWC"1;
"S \NAC"
BN"52"75;
%"PC049A_4LEMOS"
"1","(-2275,1175)","0","uob_hep_pc049a_lib","I110";
;
BLOCK"TRUE"
USE2"work.all"
USE1"ieee.std_logic_1164.all"
LIBRARY1"ieee"
CDS_LIB"uob_hep_pc049a_lib";
"ANALOG_IN<3..0>"
VHDL_VECTOR_TYPE"std_logic_vector"
VHDL_MODE"out"17;
%"TAP"
"1","(-975,775)","2","standard","I111";
;
CDS_LIB"standard"
HDL_TAP"TRUE"
BODY_TYPE"PLUMBING";
"B \NAC \NWC"16;
"S \NAC"
BN"2"25;
%"TAP"
"1","(-975,700)","2","standard","I112";
;
CDS_LIB"standard"
HDL_TAP"TRUE"
BODY_TYPE"PLUMBING";
"B \NAC \NWC"16;
"S \NAC"
BN"1"27;
%"TAP"
"1","(-975,625)","2","standard","I113";
;
CDS_LIB"standard"
HDL_TAP"TRUE"
BODY_TYPE"PLUMBING";
"B \NAC \NWC"16;
"S \NAC"
BN"0"28;
%"TAP"
"1","(-975,425)","2","standard","I114";
;
CDS_LIB"standard"
HDL_TAP"TRUE"
BODY_TYPE"PLUMBING";
"B \NAC \NWC"15;
"S \NAC"
BN"3"30;
%"TAP"
"1","(-975,350)","2","standard","I115";
;
CDS_LIB"standard"
HDL_TAP"TRUE"
BODY_TYPE"PLUMBING";
"B \NAC \NWC"15;
"S \NAC"
BN"2"31;
%"TAP"
"1","(-975,200)","2","standard","I116";
;
CDS_LIB"standard"
HDL_TAP"TRUE"
BODY_TYPE"PLUMBING";
"B \NAC \NWC"15;
"S \NAC"
BN"0"32;
%"TAP"
"1","(-975,275)","2","standard","I117";
;
CDS_LIB"standard"
HDL_TAP"TRUE"
BODY_TYPE"PLUMBING";
"B \NAC \NWC"15;
"S \NAC"
BN"1"29;
%"TAP"
"1","(-975,0)","2","standard","I118";
;
CDS_LIB"standard"
HDL_TAP"TRUE"
BODY_TYPE"PLUMBING";
"B \NAC \NWC"14;
"S \NAC"
BN"3"18;
%"TAP"
"1","(-975,-75)","2","standard","I119";
;
CDS_LIB"standard"
HDL_TAP"TRUE"
BODY_TYPE"PLUMBING";
"B \NAC \NWC"14;
"S \NAC"
BN"2"34;
%"TAP"
"1","(2000,700)","0","standard","I12";
;
CDS_LIB"standard"
BODY_TYPE"PLUMBING"
HDL_TAP"TRUE";
"B \NAC \NWC"1;
"S \NAC"
BN"50"76;
%"TAP"
"1","(-975,-150)","2","standard","I120";
;
CDS_LIB"standard"
HDL_TAP"TRUE"
BODY_TYPE"PLUMBING";
"B \NAC \NWC"14;
"S \NAC"
BN"1"33;
%"TAP"
"1","(-975,-225)","2","standard","I121";
;
CDS_LIB"standard"
HDL_TAP"TRUE"
BODY_TYPE"PLUMBING";
"B \NAC \NWC"14;
"S \NAC"
BN"0"35;
%"TAP"
"1","(-975,-425)","2","standard","I122";
;
CDS_LIB"standard"
HDL_TAP"TRUE"
BODY_TYPE"PLUMBING";
"B \NAC \NWC"13;
"S \NAC"
BN"3"20;
%"TAP"
"1","(-975,-575)","2","standard","I123";
;
CDS_LIB"standard"
HDL_TAP"TRUE"
BODY_TYPE"PLUMBING";
"B \NAC \NWC"13;
"S \NAC"
BN"1"38;
%"TAP"
"1","(-975,-500)","2","standard","I124";
;
CDS_LIB"standard"
HDL_TAP"TRUE"
BODY_TYPE"PLUMBING";
"B \NAC \NWC"13;
"S \NAC"
BN"2"36;
%"TAP"
"1","(-975,-650)","2","standard","I125";
;
CDS_LIB"standard"
HDL_TAP"TRUE"
BODY_TYPE"PLUMBING";
"B \NAC \NWC"13;
"S \NAC"
BN"0"37;
%"TAP"
"1","(-975,-850)","2","standard","I126";
;
CDS_LIB"standard"
HDL_TAP"TRUE"
BODY_TYPE"PLUMBING";
"B \NAC \NWC"12;
"S \NAC"
BN"3"40;
%"TAP"
"1","(-975,-925)","2","standard","I127";
;
CDS_LIB"standard"
HDL_TAP"TRUE"
BODY_TYPE"PLUMBING";
"B \NAC \NWC"12;
"S \NAC"
BN"2"39;
%"TAP"
"1","(-975,-1075)","2","standard","I128";
;
CDS_LIB"standard"
HDL_TAP"TRUE"
BODY_TYPE"PLUMBING";
"B \NAC \NWC"12;
"S \NAC"
BN"0"42;
%"TAP"
"1","(-975,-1000)","2","standard","I129";
;
CDS_LIB"standard"
HDL_TAP"TRUE"
BODY_TYPE"PLUMBING";
"B \NAC \NWC"12;
"S \NAC"
BN"1"41;
%"TAP"
"1","(2000,625)","0","standard","I13";
;
CDS_LIB"standard"
BODY_TYPE"PLUMBING"
HDL_TAP"TRUE";
"B \NAC \NWC"1;
"S \NAC"
BN"48"74;
%"PC049A_4LEMOS"
"1","(-2275,750)","0","uob_hep_pc049a_lib","I130";
;
BLOCK"TRUE"
USE2"work.all"
USE1"ieee.std_logic_1164.all"
LIBRARY1"ieee"
CDS_LIB"uob_hep_pc049a_lib";
"ANALOG_IN<3..0>"
VHDL_VECTOR_TYPE"std_logic_vector"
VHDL_MODE"out"16;
%"PC049A_4LEMOS"
"1","(-2275,-100)","0","uob_hep_pc049a_lib","I131";
;
BLOCK"TRUE"
USE2"work.all"
USE1"ieee.std_logic_1164.all"
LIBRARY1"ieee"
CDS_LIB"uob_hep_pc049a_lib";
"ANALOG_IN<3..0>"
VHDL_VECTOR_TYPE"std_logic_vector"
VHDL_MODE"out"14;
%"PC049A_4LEMOS"
"1","(-2275,325)","0","uob_hep_pc049a_lib","I132";
;
BLOCK"TRUE"
USE2"work.all"
USE1"ieee.std_logic_1164.all"
LIBRARY1"ieee"
CDS_LIB"uob_hep_pc049a_lib";
"ANALOG_IN<3..0>"
VHDL_VECTOR_TYPE"std_logic_vector"
VHDL_MODE"out"15;
%"PC049A_4LEMOS"
"1","(-2275,-525)","0","uob_hep_pc049a_lib","I133";
;
BLOCK"TRUE"
USE2"work.all"
USE1"ieee.std_logic_1164.all"
LIBRARY1"ieee"
CDS_LIB"uob_hep_pc049a_lib";
"ANALOG_IN<3..0>"
VHDL_VECTOR_TYPE"std_logic_vector"
VHDL_MODE"out"13;
%"PC049A_4LEMOS"
"1","(-2275,-950)","0","uob_hep_pc049a_lib","I134";
;
BLOCK"TRUE"
USE2"work.all"
USE1"ieee.std_logic_1164.all"
LIBRARY1"ieee"
CDS_LIB"uob_hep_pc049a_lib";
"ANALOG_IN<3..0>"
VHDL_VECTOR_TYPE"std_logic_vector"
VHDL_MODE"out"12;
%"TAP"
"1","(-975,-1275)","2","standard","I135";
;
CDS_LIB"standard"
HDL_TAP"TRUE"
BODY_TYPE"PLUMBING";
"B \NAC \NWC"11;
"S \NAC"
BN"3"43;
%"TAP"
"1","(-975,-1350)","2","standard","I136";
;
CDS_LIB"standard"
HDL_TAP"TRUE"
BODY_TYPE"PLUMBING";
"B \NAC \NWC"11;
"S \NAC"
BN"2"44;
%"TAP"
"1","(-975,-1425)","2","standard","I137";
;
CDS_LIB"standard"
HDL_TAP"TRUE"
BODY_TYPE"PLUMBING";
"B \NAC \NWC"11;
"S \NAC"
BN"1"45;
%"TAP"
"1","(-975,-1500)","2","standard","I138";
;
CDS_LIB"standard"
HDL_TAP"TRUE"
BODY_TYPE"PLUMBING";
"B \NAC \NWC"11;
"S \NAC"
BN"0"46;
%"TAP"
"1","(-975,-1700)","2","standard","I139";
;
CDS_LIB"standard"
HDL_TAP"TRUE"
BODY_TYPE"PLUMBING";
"B \NAC \NWC"10;
"S \NAC"
BN"3"48;
%"TAP"
"1","(2000,425)","0","standard","I14";
;
BODY_TYPE"PLUMBING"
HDL_TAP"TRUE"
CDS_LIB"standard";
"B \NAC \NWC"1;
"S \NAC"
BN"46"73;
%"TAP"
"1","(-975,-1775)","2","standard","I140";
;
CDS_LIB"standard"
HDL_TAP"TRUE"
BODY_TYPE"PLUMBING";
"B \NAC \NWC"10;
"S \NAC"
BN"2"47;
%"TAP"
"1","(-975,-1850)","2","standard","I141";
;
CDS_LIB"standard"
HDL_TAP"TRUE"
BODY_TYPE"PLUMBING";
"B \NAC \NWC"10;
"S \NAC"
BN"1"49;
%"TAP"
"1","(-975,-1925)","2","standard","I142";
;
CDS_LIB"standard"
HDL_TAP"TRUE"
BODY_TYPE"PLUMBING";
"B \NAC \NWC"10;
"S \NAC"
BN"0"50;
%"PC049A_4LEMOS"
"1","(-2275,-1800)","0","uob_hep_pc049a_lib","I143";
;
BLOCK"TRUE"
USE2"work.all"
USE1"ieee.std_logic_1164.all"
LIBRARY1"ieee"
CDS_LIB"uob_hep_pc049a_lib";
"ANALOG_IN<3..0>"
VHDL_VECTOR_TYPE"std_logic_vector"
VHDL_MODE"out"10;
%"PC049A_4LEMOS"
"1","(-2275,-1375)","0","uob_hep_pc049a_lib","I144";
;
BLOCK"TRUE"
USE2"work.all"
USE1"ieee.std_logic_1164.all"
LIBRARY1"ieee"
CDS_LIB"uob_hep_pc049a_lib";
"ANALOG_IN<3..0>"
VHDL_VECTOR_TYPE"std_logic_vector"
VHDL_MODE"out"11;
%"TAP"
"1","(2000,350)","0","standard","I15";
;
CDS_LIB"standard"
BODY_TYPE"PLUMBING"
HDL_TAP"TRUE";
"B \NAC \NWC"1;
"S \NAC"
BN"44"72;
%"TAP"
"1","(2000,200)","0","standard","I16";
;
CDS_LIB"standard"
BODY_TYPE"PLUMBING"
HDL_TAP"TRUE";
"B \NAC \NWC"1;
"S \NAC"
BN"40"70;
%"TAP"
"1","(2000,275)","0","standard","I17";
;
CDS_LIB"standard"
BODY_TYPE"PLUMBING"
HDL_TAP"TRUE";
"B \NAC \NWC"1;
"S \NAC"
BN"42"71;
%"TAP"
"1","(2000,-75)","0","standard","I18";
;
CDS_LIB"standard"
BODY_TYPE"PLUMBING"
HDL_TAP"TRUE";
"B \NAC \NWC"1;
"S \NAC"
BN"36"68;
%"TAP"
"1","(2000,0)","0","standard","I19";
;
BODY_TYPE"PLUMBING"
HDL_TAP"TRUE"
CDS_LIB"standard";
"B \NAC \NWC"1;
"S \NAC"
BN"38"66;
%"TAP"
"1","(2000,1275)","0","standard","I2";
;
BODY_TYPE"PLUMBING"
HDL_TAP"TRUE"
CDS_LIB"standard";
"B \NAC \NWC"1;
"S \NAC"
BN"62"81;
%"TAP"
"1","(2000,-150)","0","standard","I20";
;
CDS_LIB"standard"
BODY_TYPE"PLUMBING"
HDL_TAP"TRUE";
"B \NAC \NWC"1;
"S \NAC"
BN"34"69;
%"TAP"
"1","(2000,-225)","0","standard","I21";
;
CDS_LIB"standard"
BODY_TYPE"PLUMBING"
HDL_TAP"TRUE";
"B \NAC \NWC"1;
"S \NAC"
BN"32"67;
%"TAP"
"1","(1650,775)","2","standard","I22";
;
CDS_LIB"standard"
HDL_TAP"TRUE"
BODY_TYPE"PLUMBING";
"B \NAC \NWC"3;
"S \NAC"
BN"2"75;
%"TAP"
"1","(1650,700)","2","standard","I23";
;
CDS_LIB"standard"
HDL_TAP"TRUE"
BODY_TYPE"PLUMBING";
"B \NAC \NWC"3;
"S \NAC"
BN"1"76;
%"TAP"
"1","(1650,625)","2","standard","I24";
;
CDS_LIB"standard"
HDL_TAP"TRUE"
BODY_TYPE"PLUMBING";
"B \NAC \NWC"3;
"S \NAC"
BN"0"74;
%"TAP"
"1","(1650,425)","2","standard","I25";
;
CDS_LIB"standard"
HDL_TAP"TRUE"
BODY_TYPE"PLUMBING";
"B \NAC \NWC"4;
"S \NAC"
BN"3"73;
%"TAP"
"1","(1650,350)","2","standard","I26";
;
CDS_LIB"standard"
HDL_TAP"TRUE"
BODY_TYPE"PLUMBING";
"B \NAC \NWC"4;
"S \NAC"
BN"2"72;
%"TAP"
"1","(1650,275)","2","standard","I27";
;
CDS_LIB"standard"
HDL_TAP"TRUE"
BODY_TYPE"PLUMBING";
"B \NAC \NWC"4;
"S \NAC"
BN"1"71;
%"TAP"
"1","(1650,200)","2","standard","I28";
;
CDS_LIB"standard"
HDL_TAP"TRUE"
BODY_TYPE"PLUMBING";
"B \NAC \NWC"4;
"S \NAC"
BN"0"70;
%"TAP"
"1","(1650,0)","2","standard","I29";
;
CDS_LIB"standard"
HDL_TAP"TRUE"
BODY_TYPE"PLUMBING";
"B \NAC \NWC"5;
"S \NAC"
BN"3"66;
%"TAP"
"1","(2000,1125)","0","standard","I3";
;
CDS_LIB"standard"
BODY_TYPE"PLUMBING"
HDL_TAP"TRUE";
"B \NAC \NWC"1;
"S \NAC"
BN"58"80;
%"TAP"
"1","(1650,-75)","2","standard","I30";
;
CDS_LIB"standard"
HDL_TAP"TRUE"
BODY_TYPE"PLUMBING";
"B \NAC \NWC"5;
"S \NAC"
BN"2"68;
%"TAP"
"1","(1650,-150)","2","standard","I31";
;
CDS_LIB"standard"
HDL_TAP"TRUE"
BODY_TYPE"PLUMBING";
"B \NAC \NWC"5;
"S \NAC"
BN"1"69;
%"TAP"
"1","(1650,-225)","2","standard","I32";
;
CDS_LIB"standard"
HDL_TAP"TRUE"
BODY_TYPE"PLUMBING";
"B \NAC \NWC"5;
"S \NAC"
BN"0"67;
%"TAP"
"1","(2000,-425)","0","standard","I33";
;
BODY_TYPE"PLUMBING"
HDL_TAP"TRUE"
CDS_LIB"standard";
"B \NAC \NWC"1;
"S \NAC"
BN"30"63;
%"TAP"
"1","(2000,-575)","0","standard","I34";
;
CDS_LIB"standard"
BODY_TYPE"PLUMBING"
HDL_TAP"TRUE";
"B \NAC \NWC"1;
"S \NAC"
BN"26"19;
%"TAP"
"1","(2000,-500)","0","standard","I35";
;
CDS_LIB"standard"
BODY_TYPE"PLUMBING"
HDL_TAP"TRUE";
"B \NAC \NWC"1;
"S \NAC"
BN"28"65;
%"TAP"
"1","(2000,-650)","0","standard","I36";
;
CDS_LIB"standard"
BODY_TYPE"PLUMBING"
HDL_TAP"TRUE";
"B \NAC \NWC"1;
"S \NAC"
BN"24"64;
%"TAP"
"1","(2000,-850)","0","standard","I37";
;
BODY_TYPE"PLUMBING"
HDL_TAP"TRUE"
CDS_LIB"standard";
"B \NAC \NWC"1;
"S \NAC"
BN"22"59;
%"TAP"
"1","(2000,-925)","0","standard","I38";
;
CDS_LIB"standard"
BODY_TYPE"PLUMBING"
HDL_TAP"TRUE";
"B \NAC \NWC"1;
"S \NAC"
BN"20"61;
%"TAP"
"1","(2000,-1075)","0","standard","I39";
;
CDS_LIB"standard"
BODY_TYPE"PLUMBING"
HDL_TAP"TRUE";
"B \NAC \NWC"1;
"S \NAC"
BN"16"60;
%"TAP"
"1","(2000,850)","0","standard","I4";
;
BODY_TYPE"PLUMBING"
HDL_TAP"TRUE"
CDS_LIB"standard";
"B \NAC \NWC"1;
"S \NAC"
BN"54"77;
%"TAP"
"1","(2000,-1000)","0","standard","I40";
;
CDS_LIB"standard"
BODY_TYPE"PLUMBING"
HDL_TAP"TRUE";
"B \NAC \NWC"1;
"S \NAC"
BN"18"62;
%"TAP"
"1","(1650,-425)","2","standard","I41";
;
CDS_LIB"standard"
HDL_TAP"TRUE"
BODY_TYPE"PLUMBING";
"B \NAC \NWC"6;
"S \NAC"
BN"3"63;
%"TAP"
"1","(1650,-500)","2","standard","I42";
;
CDS_LIB"standard"
HDL_TAP"TRUE"
BODY_TYPE"PLUMBING";
"B \NAC \NWC"6;
"S \NAC"
BN"2"65;
%"TAP"
"1","(1650,-575)","2","standard","I43";
;
CDS_LIB"standard"
HDL_TAP"TRUE"
BODY_TYPE"PLUMBING";
"B \NAC \NWC"6;
"S \NAC"
BN"1"19;
%"TAP"
"1","(1650,-650)","2","standard","I44";
;
CDS_LIB"standard"
HDL_TAP"TRUE"
BODY_TYPE"PLUMBING";
"B \NAC \NWC"6;
"S \NAC"
BN"0"64;
%"TAP"
"1","(1650,-850)","2","standard","I45";
;
CDS_LIB"standard"
HDL_TAP"TRUE"
BODY_TYPE"PLUMBING";
"B \NAC \NWC"7;
"S \NAC"
BN"3"59;
%"TAP"
"1","(1650,-925)","2","standard","I46";
;
CDS_LIB"standard"
HDL_TAP"TRUE"
BODY_TYPE"PLUMBING";
"B \NAC \NWC"7;
"S \NAC"
BN"2"61;
%"TAP"
"1","(1650,-1075)","2","standard","I47";
;
CDS_LIB"standard"
HDL_TAP"TRUE"
BODY_TYPE"PLUMBING";
"B \NAC \NWC"7;
"S \NAC"
BN"0"60;
%"TAP"
"1","(1650,-1000)","2","standard","I48";
;
CDS_LIB"standard"
HDL_TAP"TRUE"
BODY_TYPE"PLUMBING";
"B \NAC \NWC"7;
"S \NAC"
BN"1"62;
%"PC049A_4LEMOS"
"1","(350,1175)","0","uob_hep_pc049a_lib","I49";
;
BLOCK"TRUE"
USE2"work.all"
USE1"ieee.std_logic_1164.all"
LIBRARY1"ieee"
CDS_LIB"uob_hep_pc049a_lib";
"ANALOG_IN<3..0>"
VHDL_VECTOR_TYPE"std_logic_vector"
VHDL_MODE"out"2;
%"TAP"
"1","(2000,1050)","0","standard","I5";
;
CDS_LIB"standard"
BODY_TYPE"PLUMBING"
HDL_TAP"TRUE";
"B \NAC \NWC"1;
"S \NAC"
BN"56"78;
%"TAP"
"1","(-625,1200)","0","standard","I50";
;
CDS_LIB"standard"
BODY_TYPE"PLUMBING"
HDL_TAP"TRUE";
"B \NAC \NWC"1;
"S \NAC"
BN"3"23;
%"TAP"
"1","(-625,1125)","0","standard","I51";
;
CDS_LIB"standard"
BODY_TYPE"PLUMBING"
HDL_TAP"TRUE";
"B \NAC \NWC"1;
"S \NAC"
BN"5"22;
%"TAP"
"1","(-625,1275)","0","standard","I52";
;
BODY_TYPE"PLUMBING"
HDL_TAP"TRUE"
CDS_LIB"standard";
"B \NAC \NWC"1;
"S \NAC"
BN"1"21;
%"TAP"
"1","(-625,850)","0","standard","I53";
;
BODY_TYPE"PLUMBING"
HDL_TAP"TRUE"
CDS_LIB"standard";
"B \NAC \NWC"1;
"S \NAC"
BN"9"26;
%"TAP"
"1","(-625,1050)","0","standard","I54";
;
CDS_LIB"standard"
BODY_TYPE"PLUMBING"
HDL_TAP"TRUE";
"B \NAC \NWC"1;
"S \NAC"
BN"7"24;
%"PC049A_4LEMOS"
"1","(350,750)","0","uob_hep_pc049a_lib","I55";
;
BLOCK"TRUE"
USE2"work.all"
USE1"ieee.std_logic_1164.all"
LIBRARY1"ieee"
CDS_LIB"uob_hep_pc049a_lib";
"ANALOG_IN<3..0>"
VHDL_VECTOR_TYPE"std_logic_vector"
VHDL_MODE"out"3;
%"PC049A_4LEMOS"
"1","(350,325)","0","uob_hep_pc049a_lib","I56";
;
BLOCK"TRUE"
USE2"work.all"
USE1"ieee.std_logic_1164.all"
LIBRARY1"ieee"
CDS_LIB"uob_hep_pc049a_lib";
"ANALOG_IN<3..0>"
VHDL_VECTOR_TYPE"std_logic_vector"
VHDL_MODE"out"4;
%"PC049A_4LEMOS"
"1","(350,-100)","0","uob_hep_pc049a_lib","I57";
;
BLOCK"TRUE"
USE2"work.all"
USE1"ieee.std_logic_1164.all"
LIBRARY1"ieee"
CDS_LIB"uob_hep_pc049a_lib";
"ANALOG_IN<3..0>"
VHDL_VECTOR_TYPE"std_logic_vector"
VHDL_MODE"out"5;
%"TAP"
"1","(-625,425)","0","standard","I58";
;
BODY_TYPE"PLUMBING"
HDL_TAP"TRUE"
CDS_LIB"standard";
"B \NAC \NWC"1;
"S \NAC"
BN"17"30;
%"TAP"
"1","(-625,350)","0","standard","I59";
;
CDS_LIB"standard"
BODY_TYPE"PLUMBING"
HDL_TAP"TRUE";
"B \NAC \NWC"1;
"S \NAC"
BN"19"31;
%"TAP"
"1","(1650,1275)","2","standard","I6";
;
CDS_LIB"standard"
HDL_TAP"TRUE"
BODY_TYPE"PLUMBING";
"B \NAC \NWC"2;
"S \NAC"
BN"3"81;
%"TAP"
"1","(-625,775)","0","standard","I60";
;
CDS_LIB"standard"
BODY_TYPE"PLUMBING"
HDL_TAP"TRUE";
"B \NAC \NWC"1;
"S \NAC"
BN"11"25;
%"TAP"
"1","(-625,625)","0","standard","I61";
;
CDS_LIB"standard"
BODY_TYPE"PLUMBING"
HDL_TAP"TRUE";
"B \NAC \NWC"1;
"S \NAC"
BN"15"28;
%"TAP"
"1","(-625,700)","0","standard","I62";
;
CDS_LIB"standard"
BODY_TYPE"PLUMBING"
HDL_TAP"TRUE";
"B \NAC \NWC"1;
"S \NAC"
BN"13"27;
%"TAP"
"1","(-625,275)","0","standard","I63";
;
CDS_LIB"standard"
BODY_TYPE"PLUMBING"
HDL_TAP"TRUE";
"B \NAC \NWC"1;
"S \NAC"
BN"21"29;
%"TAP"
"1","(-625,200)","0","standard","I64";
;
CDS_LIB"standard"
BODY_TYPE"PLUMBING"
HDL_TAP"TRUE";
"B \NAC \NWC"1;
"S \NAC"
BN"23"32;
%"TAP"
"1","(-625,-225)","0","standard","I65";
;
CDS_LIB"standard"
BODY_TYPE"PLUMBING"
HDL_TAP"TRUE";
"B \NAC \NWC"1;
"S \NAC"
BN"31"35;
%"TAP"
"1","(-625,-75)","0","standard","I66";
;
CDS_LIB"standard"
BODY_TYPE"PLUMBING"
HDL_TAP"TRUE";
"B \NAC \NWC"1;
"S \NAC"
BN"27"34;
%"TAP"
"1","(-625,-150)","0","standard","I67";
;
CDS_LIB"standard"
BODY_TYPE"PLUMBING"
HDL_TAP"TRUE";
"B \NAC \NWC"1;
"S \NAC"
BN"29"33;
%"TAP"
"1","(-625,0)","0","standard","I68";
;
BODY_TYPE"PLUMBING"
HDL_TAP"TRUE"
CDS_LIB"standard";
"B \NAC \NWC"1;
"S \NAC"
BN"25"18;
%"PC049A_4LEMOS"
"1","(350,-525)","0","uob_hep_pc049a_lib","I69";
;
BLOCK"TRUE"
USE2"work.all"
USE1"ieee.std_logic_1164.all"
LIBRARY1"ieee"
CDS_LIB"uob_hep_pc049a_lib";
"ANALOG_IN<3..0>"
VHDL_VECTOR_TYPE"std_logic_vector"
VHDL_MODE"out"6;
%"TAP"
"1","(1650,1200)","2","standard","I7";
;
CDS_LIB"standard"
HDL_TAP"TRUE"
BODY_TYPE"PLUMBING";
"B \NAC \NWC"2;
"S \NAC"
BN"2"79;
%"PC049A_4LEMOS"
"1","(350,-950)","0","uob_hep_pc049a_lib","I70";
;
BLOCK"TRUE"
USE2"work.all"
USE1"ieee.std_logic_1164.all"
LIBRARY1"ieee"
CDS_LIB"uob_hep_pc049a_lib";
"ANALOG_IN<3..0>"
VHDL_VECTOR_TYPE"std_logic_vector"
VHDL_MODE"out"7;
%"TAP"
"1","(-625,-425)","0","standard","I71";
;
BODY_TYPE"PLUMBING"
HDL_TAP"TRUE"
CDS_LIB"standard";
"B \NAC \NWC"1;
"S \NAC"
BN"33"20;
%"TAP"
"1","(-625,-575)","0","standard","I72";
;
CDS_LIB"standard"
BODY_TYPE"PLUMBING"
HDL_TAP"TRUE";
"B \NAC \NWC"1;
"S \NAC"
BN"37"38;
%"TAP"
"1","(-625,-650)","0","standard","I73";
;
CDS_LIB"standard"
BODY_TYPE"PLUMBING"
HDL_TAP"TRUE";
"B \NAC \NWC"1;
"S \NAC"
BN"39"37;
%"TAP"
"1","(-625,-500)","0","standard","I74";
;
CDS_LIB"standard"
BODY_TYPE"PLUMBING"
HDL_TAP"TRUE";
"B \NAC \NWC"1;
"S \NAC"
BN"35"36;
%"TAP"
"1","(-625,-850)","0","standard","I75";
;
BODY_TYPE"PLUMBING"
HDL_TAP"TRUE"
CDS_LIB"standard";
"B \NAC \NWC"1;
"S \NAC"
BN"41"40;
%"TAP"
"1","(-625,-1000)","0","standard","I76";
;
CDS_LIB"standard"
BODY_TYPE"PLUMBING"
HDL_TAP"TRUE";
"B \NAC \NWC"1;
"S \NAC"
BN"45"41;
%"TAP"
"1","(-625,-1075)","0","standard","I77";
;
CDS_LIB"standard"
BODY_TYPE"PLUMBING"
HDL_TAP"TRUE";
"B \NAC \NWC"1;
"S \NAC"
BN"47"42;
%"TAP"
"1","(-625,-925)","0","standard","I78";
;
CDS_LIB"standard"
BODY_TYPE"PLUMBING"
HDL_TAP"TRUE";
"B \NAC \NWC"1;
"S \NAC"
BN"43"39;
%"TAP"
"1","(2000,-1350)","0","standard","I79";
;
CDS_LIB"standard"
BODY_TYPE"PLUMBING"
HDL_TAP"TRUE";
"B \NAC \NWC"1;
"S \NAC"
BN"12"56;
%"TAP"
"1","(1650,1125)","2","standard","I8";
;
CDS_LIB"standard"
HDL_TAP"TRUE"
BODY_TYPE"PLUMBING";
"B \NAC \NWC"2;
"S \NAC"
BN"1"80;
%"TAP"
"1","(2000,-1275)","0","standard","I80";
;
BODY_TYPE"PLUMBING"
HDL_TAP"TRUE"
CDS_LIB"standard";
"B \NAC \NWC"1;
"S \NAC"
BN"14"58;
%"TAP"
"1","(2000,-1500)","0","standard","I81";
;
CDS_LIB"standard"
BODY_TYPE"PLUMBING"
HDL_TAP"TRUE";
"B \NAC \NWC"1;
"S \NAC"
BN"8"55;
%"TAP"
"1","(2000,-1425)","0","standard","I82";
;
CDS_LIB"standard"
BODY_TYPE"PLUMBING"
HDL_TAP"TRUE";
"B \NAC \NWC"1;
"S \NAC"
BN"10"57;
%"TAP"
"1","(2000,-1700)","0","standard","I83";
;
BODY_TYPE"PLUMBING"
HDL_TAP"TRUE"
CDS_LIB"standard";
"B \NAC \NWC"1;
"S \NAC"
BN"6"54;
%"TAP"
"1","(2000,-1850)","0","standard","I84";
;
CDS_LIB"standard"
BODY_TYPE"PLUMBING"
HDL_TAP"TRUE";
"B \NAC \NWC"1;
"S \NAC"
BN"2"53;
%"TAP"
"1","(2000,-1775)","0","standard","I85";
;
CDS_LIB"standard"
BODY_TYPE"PLUMBING"
HDL_TAP"TRUE";
"B \NAC \NWC"1;
"S \NAC"
BN"4"52;
%"TAP"
"1","(2000,-1925)","0","standard","I86";
;
CDS_LIB"standard"
BODY_TYPE"PLUMBING"
HDL_TAP"TRUE";
"B \NAC \NWC"1;
"S \NAC"
BN"0"51;
%"TAP"
"1","(1650,-1275)","2","standard","I87";
;
CDS_LIB"standard"
HDL_TAP"TRUE"
BODY_TYPE"PLUMBING";
"B \NAC \NWC"8;
"S \NAC"
BN"3"58;
%"TAP"
"1","(1650,-1350)","2","standard","I88";
;
CDS_LIB"standard"
HDL_TAP"TRUE"
BODY_TYPE"PLUMBING";
"B \NAC \NWC"8;
"S \NAC"
BN"2"56;
%"TAP"
"1","(1650,-1425)","2","standard","I89";
;
CDS_LIB"standard"
HDL_TAP"TRUE"
BODY_TYPE"PLUMBING";
"B \NAC \NWC"8;
"S \NAC"
BN"1"57;
%"TAP"
"1","(1650,850)","2","standard","I9";
;
CDS_LIB"standard"
HDL_TAP"TRUE"
BODY_TYPE"PLUMBING";
"B \NAC \NWC"3;
"S \NAC"
BN"3"77;
%"TAP"
"1","(1650,-1500)","2","standard","I90";
;
CDS_LIB"standard"
HDL_TAP"TRUE"
BODY_TYPE"PLUMBING";
"B \NAC \NWC"8;
"S \NAC"
BN"0"55;
%"TAP"
"1","(1650,-1700)","2","standard","I91";
;
CDS_LIB"standard"
HDL_TAP"TRUE"
BODY_TYPE"PLUMBING";
"B \NAC \NWC"9;
"S \NAC"
BN"3"54;
%"TAP"
"1","(1650,-1850)","2","standard","I92";
;
CDS_LIB"standard"
HDL_TAP"TRUE"
BODY_TYPE"PLUMBING";
"B \NAC \NWC"9;
"S \NAC"
BN"1"53;
%"TAP"
"1","(1650,-1775)","2","standard","I93";
;
CDS_LIB"standard"
HDL_TAP"TRUE"
BODY_TYPE"PLUMBING";
"B \NAC \NWC"9;
"S \NAC"
BN"2"52;
%"TAP"
"1","(1650,-1925)","2","standard","I94";
;
CDS_LIB"standard"
HDL_TAP"TRUE"
BODY_TYPE"PLUMBING";
"B \NAC \NWC"9;
"S \NAC"
BN"0"51;
%"PC049A_4LEMOS"
"1","(350,-1800)","0","uob_hep_pc049a_lib","I95";
;
BLOCK"TRUE"
USE2"work.all"
USE1"ieee.std_logic_1164.all"
LIBRARY1"ieee"
CDS_LIB"uob_hep_pc049a_lib";
"ANALOG_IN<3..0>"
VHDL_VECTOR_TYPE"std_logic_vector"
VHDL_MODE"out"9;
%"PC049A_4LEMOS"
"1","(350,-1375)","0","uob_hep_pc049a_lib","I96";
;
BLOCK"TRUE"
USE2"work.all"
USE1"ieee.std_logic_1164.all"
LIBRARY1"ieee"
CDS_LIB"uob_hep_pc049a_lib";
"ANALOG_IN<3..0>"
VHDL_VECTOR_TYPE"std_logic_vector"
VHDL_MODE"out"8;
%"TAP"
"1","(-625,-1700)","0","standard","I97";
;
BODY_TYPE"PLUMBING"
HDL_TAP"TRUE"
CDS_LIB"standard";
"B \NAC \NWC"1;
"S \NAC"
BN"57"48;
%"TAP"
"1","(-625,-1275)","0","standard","I98";
;
BODY_TYPE"PLUMBING"
HDL_TAP"TRUE"
CDS_LIB"standard";
"B \NAC \NWC"1;
"S \NAC"
BN"49"43;
%"TAP"
"1","(-625,-1425)","0","standard","I99";
;
CDS_LIB"standard"
BODY_TYPE"PLUMBING"
HDL_TAP"TRUE";
"B \NAC \NWC"1;
"S \NAC"
BN"53"45;
END.
